frozen_requirements,INPUT_DIR_PHYSICAL,OUTPUT_DIR_PHYSICAL,PACKAGE_DIR_PHYSICAL,BASE_PATH,PROJ_NAME,PROJECT_SOURCES,PROJ_HASH,PYPI_TAG,PROJ_MODULES,CONFIG_NAME,CONFIGURATION_OPTIONS,TESTS_TO_BE_RUN,FUNCS_TO_TRACE,THIRD_PARTY_COVERAGE,NUM_FLAPY_RUNS,SEED
"astroid==2.12.9
attrs==22.1.0
backoff==2.1.2
certifi==2022.6.15.1
charset-normalizer==2.1.1
coverage==6.4.4
dill==0.3.5.1
flake8==5.0.4
idna==3.3
iniconfig==1.1.1
isort==5.10.1
lazy-object-proxy==1.7.1
mccabe==0.7.0
packaging==21.3
platformdirs==2.5.2
pluggy==1.0.0
py==1.11.0
pycodestyle==2.9.1
pyflakes==2.5.0
pylint==2.15.2
pyparsing==3.0.9
pytest==6.2.5
pytest-cov==2.8.1
python-dotenv==0.21.0
requests==2.28.1
responses==0.21.0
toml==0.10.2
tomli==2.0.1
tomlkit==0.11.4
urllib3==1.26.12
wrapt==1.14.1
",/Users/fabianscharnbock/PycharmProjects/FlakyRootDir/projects/3scale-api-python,/Users/fabianscharnbock/PycharmProjects/FlakyRootDir/projects/3scale-api-python/pynguin_auto_tests_1663138396906_3020992,/Users/fabianscharnbock/PycharmProjects/FlakyRootDir/flakyexperiments/src/test_package/3scale-api-python_1663138396906_8974862,/Users/fabianscharnbock/PycharmProjects/FlakyRootDir/flakyexperiments,3scale-api-python,https://github.com/3scale-qe/3scale-api-python,80edea015ba3478a896269c95f048130a653f54a,,threescale_api.auth threescale_api.utils threescale_api.resources threescale_api.defaults threescale_api.client threescale_api.log_config threescale_api.errors,DynaMOSA-TypeHints,--guess_unknown_types True --constant_seeding True --seeded_primitives_reuse_probability 0.2 --dynamic_constant_seeding True --seeded_dynamic_values_reuse_probability 0.6 --maximum_search_time 600 --output_variables Coverage --algorithm DYNAMOSA --type_inference_strategy TYPE_HINTS,pynguin_auto_tests_1663138396906_3020992,,,150,0
"attrs==22.1.0
coverage==6.4.4
iniconfig==1.1.1
packaging==21.3
pluggy==1.0.0
py==1.11.0
pyparsing==3.0.9
pytest==6.2.5
pytest-cov==2.8.1
toml==0.10.2
tomli==2.0.1
",/Users/fabianscharnbock/PycharmProjects/FlakyRootDir/projects/aaargh,/Users/fabianscharnbock/PycharmProjects/FlakyRootDir/projects/aaargh/pynguin_auto_tests_1663138396907_4656791,/Users/fabianscharnbock/PycharmProjects/FlakyRootDir/flakyexperiments/src/test_package/aaargh_1663138396907_6231283,/Users/fabianscharnbock/PycharmProjects/FlakyRootDir/flakyexperiments,aaargh,https://github.com/wbolster/aaargh,fb63414890d1e01158ee0e3bf834e23cc5d68005,,aaargh.app,DynaMOSA-TypeHints,--guess_unknown_types True --constant_seeding True --seeded_primitives_reuse_probability 0.2 --dynamic_constant_seeding True --seeded_dynamic_values_reuse_probability 0.6 --maximum_search_time 600 --output_variables Coverage --algorithm DYNAMOSA --type_inference_strategy TYPE_HINTS,pynguin_auto_tests_1663138396907_4656791,,,150,1
