INPUT_DIR_PHYSICAL,OUTPUT_DIR_PHYSICAL,PACKAGE_DIR_PHYSICAL,BASE_PATH,PROJ_NAME,PROJECT_SOURCES,PROJ_HASH,PYPI_TAG,PROJ_MODULES,CONFIG_NAME,CONFIGURATION_OPTIONS,TESTS_TO_BE_RUN,FUNCS_TO_TRACE,THIRD_PARTY_COVERAGE,NUM_FLAPY_RUNS,SEED
/scratch/scharnboec/FlakyRoot/projects/panamah-sdk-python,/scratch/scharnboec/FlakyRoot/projects/panamah-sdk-python/pynguin_auto_tests_1653025019526_6890777,/scratch/scharnboec/FlakyRoot/flakyexperiments/src/test_package/panamah-sdk-python_1653025019526_3965346,/scratch/scharnboec/FlakyRoot/flakyexperiments,panamah-sdk-python,https://github.com/casamagalhaes/panamah-sdk-python,746f3fb7ebcf01810917bf9afa8e7ff5a4efad21,1.0.4,panamah_sdk.admin panamah_sdk.nfe panamah_sdk.stream panamah_sdk.models.definitions panamah_sdk.processor panamah_sdk.client panamah_sdk.batch panamah_sdk.operation panamah_sdk.models.base panamah_sdk.exceptions,DynaMOSA-TypeHints,--guess_unknown_types True --constant_seeding True --seeded_primitives_reuse_probability 0.2 --dynamic_constant_seeding True --seeded_dynamic_values_reuse_probability 0.6 --maximum_search_time 600 --output_variables Coverage --algorithm DYNAMOSA --type_inference_strategy TYPE_HINTS,pynguin_auto_tests_1653025019526_6890777,,,20,154
/scratch/scharnboec/FlakyRoot/projects/asgi-s3,/scratch/scharnboec/FlakyRoot/projects/asgi-s3/pynguin_auto_tests_1653025019979_1156250,/scratch/scharnboec/FlakyRoot/flakyexperiments/src/test_package/asgi-s3_1653025019979_9213078,/scratch/scharnboec/FlakyRoot/flakyexperiments,asgi-s3,https://github.com/erm/asgi-s3,0.0.3,0.0.3,asgi_s3.__version__ asgi_s3.storage asgi_s3.__main__ asgi_s3.cli asgi_s3.middleware,DynaMOSA-TypeHints,--guess_unknown_types True --constant_seeding True --seeded_primitives_reuse_probability 0.2 --dynamic_constant_seeding True --seeded_dynamic_values_reuse_probability 0.6 --maximum_search_time 600 --output_variables Coverage --algorithm DYNAMOSA --type_inference_strategy TYPE_HINTS,pynguin_auto_tests_1653025019979_1156250,,,20,535
/scratch/scharnboec/FlakyRoot/projects/databird,/scratch/scharnboec/FlakyRoot/projects/databird/pynguin_auto_tests_1653025019690_5902036,/scratch/scharnboec/FlakyRoot/flakyexperiments/src/test_package/databird_1653025019690_7313012,/scratch/scharnboec/FlakyRoot/flakyexperiments,databird,https://github.com/jonas-hagen/databird,cfb358e74da62bb9d7ea0e6c7ac984671472120b,0.7.1,databird.queue databird.runner databird.cli databird.classes databird.configuration databird.utils databird.webmonitor databird.dtutil databird.base_driver,DynaMOSA-TypeHints,--guess_unknown_types True --constant_seeding True --seeded_primitives_reuse_probability 0.2 --dynamic_constant_seeding True --seeded_dynamic_values_reuse_probability 0.6 --maximum_search_time 600 --output_variables Coverage --algorithm DYNAMOSA --type_inference_strategy TYPE_HINTS,pynguin_auto_tests_1653025019690_5902036,,,20,292
/scratch/scharnboec/FlakyRoot/projects/fitsmap,/scratch/scharnboec/FlakyRoot/projects/fitsmap/pynguin_auto_tests_1653025019630_4120321,/scratch/scharnboec/FlakyRoot/flakyexperiments/src/test_package/fitsmap_1653025019630_9136717,/scratch/scharnboec/FlakyRoot/flakyexperiments,fitsmap,https://github.com/ryanhausen/fitsmap,v0.9.1,0.9.1,fitsmap.__version__ fitsmap.utils fitsmap.__main__ fitsmap.supercluster fitsmap.cartographer fitsmap.convert fitsmap.kdbush,DynaMOSA-TypeHints,--guess_unknown_types True --constant_seeding True --seeded_primitives_reuse_probability 0.2 --dynamic_constant_seeding True --seeded_dynamic_values_reuse_probability 0.6 --maximum_search_time 600 --output_variables Coverage --algorithm DYNAMOSA --type_inference_strategy TYPE_HINTS,pynguin_auto_tests_1653025019630_4120321,,,20,243
/scratch/scharnboec/FlakyRoot/projects/gitlab-stats,/scratch/scharnboec/FlakyRoot/projects/gitlab-stats/pynguin_auto_tests_1653025019561_4570399,/scratch/scharnboec/FlakyRoot/flakyexperiments/src/test_package/gitlab-stats_1653025019561_5798125,/scratch/scharnboec/FlakyRoot/flakyexperiments,gitlab-stats,https://github.com/Sylhare/gitlab_stats,v1.2.1,1.2.1,gitlab_stats.cli gitlab_stats.utils gitlab_stats.wrapper,DynaMOSA-TypeHints,--guess_unknown_types True --constant_seeding True --seeded_primitives_reuse_probability 0.2 --dynamic_constant_seeding True --seeded_dynamic_values_reuse_probability 0.6 --maximum_search_time 600 --output_variables Coverage --algorithm DYNAMOSA --type_inference_strategy TYPE_HINTS,pynguin_auto_tests_1653025019561_4570399,,,20,185
/scratch/scharnboec/FlakyRoot/projects/git-profiles,/scratch/scharnboec/FlakyRoot/projects/git-profiles/pynguin_auto_tests_1653025020079_4152557,/scratch/scharnboec/FlakyRoot/flakyexperiments/src/test_package/git-profiles_1653025020079_3377988,/scratch/scharnboec/FlakyRoot/flakyexperiments,git-profiles,https://github.com/popadi/git-profiles,ca20173f63f57c21868c4c49c1e5c515d4bc87fd,1.1.3,src.__about__ src.commands.use_profile src.executor.parser src.git_profiles src.commands.update_profile src.profile.profile src.commands.add_profile src.commands.current_profile src.commands.list_profiles src.git_manager.git_manager src.executor.executor src.commands.show_profile src.commands.base_command src.commands.destroy_profiles src.commands.del_profile,DynaMOSA-TypeHints,--guess_unknown_types True --constant_seeding True --seeded_primitives_reuse_probability 0.2 --dynamic_constant_seeding True --seeded_dynamic_values_reuse_probability 0.6 --maximum_search_time 600 --output_variables Coverage --algorithm DYNAMOSA --type_inference_strategy TYPE_HINTS,pynguin_auto_tests_1653025020079_4152557,,,20,622
/scratch/scharnboec/FlakyRoot/projects/krllint,/scratch/scharnboec/FlakyRoot/projects/krllint/pynguin_auto_tests_1653025019497_8306066,/scratch/scharnboec/FlakyRoot/flakyexperiments/src/test_package/krllint_1653025019497_4913717,/scratch/scharnboec/FlakyRoot/flakyexperiments,krllint,https://github.com/d4nuu8/krllint,2f9376cdae14c201364d9c31b4c19a8ff2f708d2,0.1.8,krllint.tools krllint.api krllint.reporter krllint.config krllint.linter krllint.rules krllint.parameters krllint.__main__,DynaMOSA-TypeHints,--guess_unknown_types True --constant_seeding True --seeded_primitives_reuse_probability 0.2 --dynamic_constant_seeding True --seeded_dynamic_values_reuse_probability 0.6 --maximum_search_time 600 --output_variables Coverage --algorithm DYNAMOSA --type_inference_strategy TYPE_HINTS,pynguin_auto_tests_1653025019497_8306066,,,20,128
/scratch/scharnboec/FlakyRoot/projects/webdriver_manager,/scratch/scharnboec/FlakyRoot/projects/webdriver_manager/pynguin_auto_tests_1653025019442_5459085,/scratch/scharnboec/FlakyRoot/flakyexperiments/src/test_package/webdriver_manager_1653025019442_2794321,/scratch/scharnboec/FlakyRoot/flakyexperiments,webdriver_manager,https://github.com/SergeyPirogov/webdriver_manager,v3.5.4,3.5.4,webdriver_manager.archive webdriver_manager.microsoft webdriver_manager.opera webdriver_manager.utils webdriver_manager.driver webdriver_manager.firefox webdriver_manager.manager webdriver_manager.driver_cache webdriver_manager.logger webdriver_manager.chrome,DynaMOSA-TypeHints,--guess_unknown_types True --constant_seeding True --seeded_primitives_reuse_probability 0.2 --dynamic_constant_seeding True --seeded_dynamic_values_reuse_probability 0.6 --maximum_search_time 600 --output_variables Coverage --algorithm DYNAMOSA --type_inference_strategy TYPE_HINTS,pynguin_auto_tests_1653025019442_5459085,,,20,81
/scratch/scharnboec/FlakyRoot/projects/blinkpy,/scratch/scharnboec/FlakyRoot/projects/blinkpy/pynguin_auto_tests_1653025019995_5659711,/scratch/scharnboec/FlakyRoot/flakyexperiments/src/test_package/blinkpy_1653025019995_8145090,/scratch/scharnboec/FlakyRoot/flakyexperiments,blinkpy,https://github.com/fronzbot/blinkpy,v0.9.0,0.9.0,blinkpy.sync_module blinkpy.blinkpy blinkpy.helpers.util blinkpy.camera blinkpy.helpers.constants blinkpy.helpers.errors,DynaMOSA-TypeHints,--guess_unknown_types True --constant_seeding True --seeded_primitives_reuse_probability 0.2 --dynamic_constant_seeding True --seeded_dynamic_values_reuse_probability 0.6 --maximum_search_time 600 --output_variables Coverage --algorithm DYNAMOSA --type_inference_strategy TYPE_HINTS,pynguin_auto_tests_1653025019995_5659711,,,20,549
/scratch/scharnboec/FlakyRoot/projects/extractpdf,/scratch/scharnboec/FlakyRoot/projects/extractpdf/pynguin_auto_tests_1653025020051_9683242,/scratch/scharnboec/FlakyRoot/flakyexperiments/src/test_package/extractpdf_1653025020051_9663536,/scratch/scharnboec/FlakyRoot/flakyexperiments,extractpdf,https://github.com/WeAreDevelopers-com/extractpdf,2a1ee7640da0e9f46ae6bef7f6aeb1eb36c5f185,0.0.4,extractpdf.image extractpdf.parser extractpdf.pdf_extractor extractpdf.downloader extractpdf.exceptions extractpdf.utils,DynaMOSA-TypeHints,--guess_unknown_types True --constant_seeding True --seeded_primitives_reuse_probability 0.2 --dynamic_constant_seeding True --seeded_dynamic_values_reuse_probability 0.6 --maximum_search_time 600 --output_variables Coverage --algorithm DYNAMOSA --type_inference_strategy TYPE_HINTS,pynguin_auto_tests_1653025020051_9683242,,,20,598
/scratch/scharnboec/FlakyRoot/projects/ontobio,/scratch/scharnboec/FlakyRoot/projects/ontobio/pynguin_auto_tests_1653025019407_6049544,/scratch/scharnboec/FlakyRoot/flakyexperiments/src/test_package/ontobio_1653025019407_3851288,/scratch/scharnboec/FlakyRoot/flakyexperiments,ontobio,https://github.com/biolink/ontobio,v2.8.2,2.8.2,ontobio.ecomap ontobio.obograph_util ontobio.sparql.skos ontobio.sim.mme ontobio.neo.scigraph_ontology ontobio.validation.metadata ontobio.util.scigraph_util ontobio.rdfgen.gocamgen.errors ontobio.cgraph ontobio.rdfgen.gocamgen.utils ontobio.assocmodel ontobio.assoc_schema ontobio.sparql.sparql_ontology ontobio.sparql.sparql_ontol_utils ontobio.slimmer ontobio.rdfgen.gocamgen.filter_rule ontobio.util.user_agent ontobio.model.bbop_graph ontobio.io.gpadparser ontobio.rdfgen.gocamgen.gocam_builder ontobio.sim.phenosim_engine ontobio.io.entitywriter ontobio.vocabulary.similarity ontobio.model.association ontobio.golr.golr_sim ontobio.io.gafgpibridge ontobio.tsv_expander ontobio.model.mme.request ontobio.model.GolrResults ontobio.model.biomodel ontobio.io.assocwriter ontobio.assoc_factory ontobio.model.mme.response ontobio.io.qc ontobio.io.hpoaparser ontobio.analysis.semsim ontobio.sim.api.owlsim2 ontobio.sparql.rdf2nx ontobio.sim.api.interfaces ontobio.model.OBOGraph ontobio.model.nlp ontobio.golr.golr_matrix ontobio.config ontobio.golr.golr_entities ontobio.util.curie_map ontobio.validation.rules ontobio.sparql.rdflib_bridge ontobio.io.gafparser ontobio.ontol ontobio.io.gaference ontobio.rdfgen.gocamgen.collapsed_assoc ontobio.model.similarity ontobio.sparql.wikidata_ontology ontobio.lexmap ontobio.golr.beacon_query ontobio.validation.tools ontobio.model.collections ontobio.rdfgen.gocamgen.gocamgen ontobio.io.assocparser ontobio.xref_util ontobio.io.differ ontobio.io.parsereport ontobio.vocabulary.relations ontobio.rdfgen.relations ontobio.util.go_utils ontobio.sim.api.owlsim3 ontobio.ontol_factory ontobio.vocabulary.upper ontobio.rdfgen.assoc_rdfgen ontobio.sim.sim_engine ontobio.sim.api.semsearch ontobio.golr.golr_stats ontobio.golr.golr_query ontobio.sparql.sparql_go ontobio.rdfgen.gocamgen.triple_pattern_finder ontobio.vocabulary.categories ontobio.rdfgen.gocamgen.rdflib_sparql_wrapper ontobio.util.obog2cg ontobio.io.entityparser ontobio.sim.annotation_scorer ontobio.sparql.wikidata ontobio.golr.golr_associations ontobio.rdfgen.gocamgen.subgraphs ontobio.io.ontol_renderers,DynaMOSA-TypeHints,--guess_unknown_types True --constant_seeding True --seeded_primitives_reuse_probability 0.2 --dynamic_constant_seeding True --seeded_dynamic_values_reuse_probability 0.6 --maximum_search_time 600 --output_variables Coverage --algorithm DYNAMOSA --type_inference_strategy TYPE_HINTS,pynguin_auto_tests_1653025019407_6049544,,,20,50
/scratch/scharnboec/FlakyRoot/projects/Yinotify,/scratch/scharnboec/FlakyRoot/projects/Yinotify/pynguin_auto_tests_1653025019782_7078888,/scratch/scharnboec/FlakyRoot/flakyexperiments/src/test_package/Yinotify_1653025019782_4754846,/scratch/scharnboec/FlakyRoot/flakyexperiments,Yinotify,https://github.com/peter-zyj/Yinotify,3adde3a7f2847bf45f5958e98fe7618d3d02ce16,0.2.9,Yinotify.constants Yinotify.library Yinotify.adapters Yinotify.calls,DynaMOSA-TypeHints,--guess_unknown_types True --constant_seeding True --seeded_primitives_reuse_probability 0.2 --dynamic_constant_seeding True --seeded_dynamic_values_reuse_probability 0.6 --maximum_search_time 600 --output_variables Coverage --algorithm DYNAMOSA --type_inference_strategy TYPE_HINTS,pynguin_auto_tests_1653025019782_7078888,,,20,367
/scratch/scharnboec/FlakyRoot/projects/py-gardener,/scratch/scharnboec/FlakyRoot/projects/py-gardener/pynguin_auto_tests_1653025020176_9154704,/scratch/scharnboec/FlakyRoot/flakyexperiments/src/test_package/py-gardener_1653025020176_3222172,/scratch/scharnboec/FlakyRoot/flakyexperiments,py-gardener,https://github.com/loopmediagroup/py-gardener,0.6.8,0.6.8,py_gardener.TestPylint py_gardener.InternalTestBase py_gardener.TestLineEndings py_gardener.StaticTestBase py_gardener.TestStructure py_gardener.TestDocker py_gardener.TestVersionConsistent py_gardener.TestPep8 py_gardener.TestIncorrectBoolConditional,DynaMOSA-TypeHints,--guess_unknown_types True --constant_seeding True --seeded_primitives_reuse_probability 0.2 --dynamic_constant_seeding True --seeded_dynamic_values_reuse_probability 0.6 --maximum_search_time 600 --output_variables Coverage --algorithm DYNAMOSA --type_inference_strategy TYPE_HINTS,pynguin_auto_tests_1653025020176_9154704,,,20,706
/scratch/scharnboec/FlakyRoot/projects/honeycomb,/scratch/scharnboec/FlakyRoot/projects/honeycomb/pynguin_auto_tests_1653025019836_8225793,/scratch/scharnboec/FlakyRoot/flakyexperiments/src/test_package/honeycomb_1653025019836_5883427,/scratch/scharnboec/FlakyRoot/flakyexperiments,honeycomb,https://github.com/Cymmetria/honeycomb,33ea91b5cf675000e4e85dd02efe580ea6e95c86,1.7.2,honeycomb.integrationmanager.models honeycomb.commands.integration.install honeycomb.commands.integration.test honeycomb.commands.service.install honeycomb.defs honeycomb.__main__ honeycomb.commands.service.status honeycomb.servicemanager.error_messages honeycomb.commands.integration.uninstall honeycomb.utils.daemon honeycomb.integrationmanager.integration_utils honeycomb.decoymanager.models honeycomb.exceptions honeycomb.commands.service.stop honeycomb.commands.integration.configure honeycomb.commands.service.run honeycomb.utils.wait honeycomb.commands.service.list honeycomb.integrationmanager.defs honeycomb.integrationmanager.registration honeycomb.cli honeycomb.utils.config_utils honeycomb.commands.service.uninstall honeycomb.utils.plugin_utils honeycomb.commands.service.test honeycomb.servicemanager.defs honeycomb.commands.integration.list honeycomb.commands.integration.show honeycomb.error_messages honeycomb.integrationmanager.error_messages honeycomb.utils.tailer honeycomb.servicemanager.base_service honeycomb.servicemanager.registration honeycomb.servicemanager.models honeycomb.commands.service.logs honeycomb.commands.service.show honeycomb.integrationmanager.exceptions honeycomb.integrationmanager.tasks honeycomb.servicemanager.exceptions,DynaMOSA-TypeHints,--guess_unknown_types True --constant_seeding True --seeded_primitives_reuse_probability 0.2 --dynamic_constant_seeding True --seeded_dynamic_values_reuse_probability 0.6 --maximum_search_time 600 --output_variables Coverage --algorithm DYNAMOSA --type_inference_strategy TYPE_HINTS,pynguin_auto_tests_1653025019836_8225793,,,20,411
/scratch/scharnboec/FlakyRoot/projects/omf,/scratch/scharnboec/FlakyRoot/projects/omf/pynguin_auto_tests_1653025020155_3092041,/scratch/scharnboec/FlakyRoot/flakyexperiments/src/test_package/omf_1653025020155_4744787,/scratch/scharnboec/FlakyRoot/flakyexperiments,omf,https://github.com/gmggroup/omf,v2.0.0a0,2.0.0a0,omf.fileio omf.surface omf.pointset omf.texture omf.base omf.composite omf.lineset omf.blockmodel omf.attribute,DynaMOSA-TypeHints,--guess_unknown_types True --constant_seeding True --seeded_primitives_reuse_probability 0.2 --dynamic_constant_seeding True --seeded_dynamic_values_reuse_probability 0.6 --maximum_search_time 600 --output_variables Coverage --algorithm DYNAMOSA --type_inference_strategy TYPE_HINTS,pynguin_auto_tests_1653025020155_3092041,,,20,688
/scratch/scharnboec/FlakyRoot/projects/PyGraph,/scratch/scharnboec/FlakyRoot/projects/PyGraph/pynguin_auto_tests_1653025019448_7766956,/scratch/scharnboec/FlakyRoot/flakyexperiments/src/test_package/PyGraph_1653025019448_3489894,/scratch/scharnboec/FlakyRoot/flakyexperiments,PyGraph,https://github.com/Rickecr/PyGraph,bb84dbc4745fe3c65368e107abb00c9eed452850,0.2.1,py_graph_t.edges.SimpleEdge py_graph_t.SimpleGraph py_graph_t.CompleteGraph py_graph_t.util.ValueBinding py_graph_t.vertex.SimpleVertex py_graph_t.exceptions.SimpleGraphException __tests__.test_graph py_graph_t.Graph __tests__.test_simple_graph,DynaMOSA-TypeHints,--guess_unknown_types True --constant_seeding True --seeded_primitives_reuse_probability 0.2 --dynamic_constant_seeding True --seeded_dynamic_values_reuse_probability 0.6 --maximum_search_time 600 --output_variables Coverage --algorithm DYNAMOSA --type_inference_strategy TYPE_HINTS,pynguin_auto_tests_1653025019448_7766956,,,20,86
/scratch/scharnboec/FlakyRoot/projects/dtool-http,/scratch/scharnboec/FlakyRoot/projects/dtool-http/pynguin_auto_tests_1653025019624_9478356,/scratch/scharnboec/FlakyRoot/flakyexperiments/src/test_package/dtool-http_1653025019624_4299164,/scratch/scharnboec/FlakyRoot/flakyexperiments,dtool-http,https://github.com/jic-dtool/dtool-http,0.5.1,0.5.1,dtool_http.server dtool_http.storagebroker dtool_http.publish,DynaMOSA-TypeHints,--guess_unknown_types True --constant_seeding True --seeded_primitives_reuse_probability 0.2 --dynamic_constant_seeding True --seeded_dynamic_values_reuse_probability 0.6 --maximum_search_time 600 --output_variables Coverage --algorithm DYNAMOSA --type_inference_strategy TYPE_HINTS,pynguin_auto_tests_1653025019624_9478356,,,20,238
/scratch/scharnboec/FlakyRoot/projects/pyccc,/scratch/scharnboec/FlakyRoot/projects/pyccc/pynguin_auto_tests_1653025019415_9842048,/scratch/scharnboec/FlakyRoot/flakyexperiments/src/test_package/pyccc_1653025019415_3415748,/scratch/scharnboec/FlakyRoot/flakyexperiments,pyccc,https://github.com/autodesk/pyccc,0.9.5,0.9.5,pyccc.files.stringcontainer pyccc.exceptions pyccc._version pyccc.utils pyccc.files.remotefiles pyccc.files.directory pyccc.ui pyccc.docker_utils pyccc.files.bytecontainer pyccc.engines.dockerengine pyccc.backports pyccc.python pyccc.engines.subproc pyccc.job pyccc.files.base pyccc._native pyccc.status pyccc.picklers pyccc.source_inspections pyccc.engines.base pyccc.files.localfiles,DynaMOSA-TypeHints,--guess_unknown_types True --constant_seeding True --seeded_primitives_reuse_probability 0.2 --dynamic_constant_seeding True --seeded_dynamic_values_reuse_probability 0.6 --maximum_search_time 600 --output_variables Coverage --algorithm DYNAMOSA --type_inference_strategy TYPE_HINTS,pynguin_auto_tests_1653025019415_9842048,,,20,57
/scratch/scharnboec/FlakyRoot/projects/laminar,/scratch/scharnboec/FlakyRoot/projects/laminar/pynguin_auto_tests_1653025020122_5933681,/scratch/scharnboec/FlakyRoot/flakyexperiments/src/test_package/laminar_1653025020122_8368713,/scratch/scharnboec/FlakyRoot/flakyexperiments,laminar,https://github.com/dgellerup/laminar,74258f6e6cc8b3b4e9eaf7cc522192a353a3b45e,2022.2a1,laminar.laminar_examples laminar.laminar,DynaMOSA-TypeHints,--guess_unknown_types True --constant_seeding True --seeded_primitives_reuse_probability 0.2 --dynamic_constant_seeding True --seeded_dynamic_values_reuse_probability 0.6 --maximum_search_time 600 --output_variables Coverage --algorithm DYNAMOSA --type_inference_strategy TYPE_HINTS,pynguin_auto_tests_1653025020122_5933681,,,20,659
/scratch/scharnboec/FlakyRoot/projects/PBjam,/scratch/scharnboec/FlakyRoot/projects/PBjam/pynguin_auto_tests_1653025019774_5533000,/scratch/scharnboec/FlakyRoot/flakyexperiments/src/test_package/PBjam_1653025019774_8957307,/scratch/scharnboec/FlakyRoot/flakyexperiments,PBjam,https://github.com/grd349/PBjam,0c5591a1b1adeb2b47d078894118be4e39471cdc,1.0.0,pbjam.jar pbjam.asy_peakbag pbjam.version pbjam.session pbjam.star pbjam.mcmc pbjam.peakbag pbjam.priors pbjam.plotting,DynaMOSA-TypeHints,--guess_unknown_types True --constant_seeding True --seeded_primitives_reuse_probability 0.2 --dynamic_constant_seeding True --seeded_dynamic_values_reuse_probability 0.6 --maximum_search_time 600 --output_variables Coverage --algorithm DYNAMOSA --type_inference_strategy TYPE_HINTS,pynguin_auto_tests_1653025019774_5533000,,,20,360
/scratch/scharnboec/FlakyRoot/projects/prettyconf,/scratch/scharnboec/FlakyRoot/projects/prettyconf/pynguin_auto_tests_1653025020171_8153024,/scratch/scharnboec/FlakyRoot/flakyexperiments/src/test_package/prettyconf_1653025020171_2910265,/scratch/scharnboec/FlakyRoot/flakyexperiments,prettyconf,https://github.com/osantana/prettyconf,2.2.1,2.2.1,prettyconf.parsers prettyconf.casts prettyconf.loaders prettyconf.exceptions prettyconf.configuration,DynaMOSA-TypeHints,--guess_unknown_types True --constant_seeding True --seeded_primitives_reuse_probability 0.2 --dynamic_constant_seeding True --seeded_dynamic_values_reuse_probability 0.6 --maximum_search_time 600 --output_variables Coverage --algorithm DYNAMOSA --type_inference_strategy TYPE_HINTS,pynguin_auto_tests_1653025020171_8153024,,,20,701
/scratch/scharnboec/FlakyRoot/projects/jupyter-sigplot,/scratch/scharnboec/FlakyRoot/projects/jupyter-sigplot/pynguin_auto_tests_1653025019842_3543833,/scratch/scharnboec/FlakyRoot/flakyexperiments/src/test_package/jupyter-sigplot_1653025019842_6835648,/scratch/scharnboec/FlakyRoot/flakyexperiments,jupyter-sigplot,https://github.com/LGSInnovations/jupyter-sigplot,0.2.0,0.2.0,jupyter_sigplot._version jupyter_sigplot.sigplot,DynaMOSA-TypeHints,--guess_unknown_types True --constant_seeding True --seeded_primitives_reuse_probability 0.2 --dynamic_constant_seeding True --seeded_dynamic_values_reuse_probability 0.6 --maximum_search_time 600 --output_variables Coverage --algorithm DYNAMOSA --type_inference_strategy TYPE_HINTS,pynguin_auto_tests_1653025019842_3543833,,,20,416
/scratch/scharnboec/FlakyRoot/projects/ols-client,/scratch/scharnboec/FlakyRoot/projects/ols-client/pynguin_auto_tests_1653025019525_9587076,/scratch/scharnboec/FlakyRoot/flakyexperiments/src/test_package/ols-client_1653025019525_2835291,/scratch/scharnboec/FlakyRoot/flakyexperiments,ols-client,https://github.com/Ensembl/ols-client,a2278a42a6e1fe4070d288d70c053ef86bbcb667,0.0.9,ebi.ols.api.base ebi.ols.api.client ebi.ols.api.exceptions ebi.ols.api.helpers,DynaMOSA-TypeHints,--guess_unknown_types True --constant_seeding True --seeded_primitives_reuse_probability 0.2 --dynamic_constant_seeding True --seeded_dynamic_values_reuse_probability 0.6 --maximum_search_time 600 --output_variables Coverage --algorithm DYNAMOSA --type_inference_strategy TYPE_HINTS,pynguin_auto_tests_1653025019525_9587076,,,20,153
/scratch/scharnboec/FlakyRoot/projects/django-idempotency-key,/scratch/scharnboec/FlakyRoot/projects/django-idempotency-key/pynguin_auto_tests_1653025019694_3716307,/scratch/scharnboec/FlakyRoot/flakyexperiments/src/test_package/django-idempotency-key_1653025019694_8459760,/scratch/scharnboec/FlakyRoot/flakyexperiments,django-idempotency-key,https://github.com/yoyowallet/django-idempotency-key,v1.1.1,1.1.1,idempotency_key.locks.basic idempotency_key.decorators idempotency_key.encoders idempotency_key.status idempotency_key.exceptions idempotency_key.middleware idempotency_key.utils idempotency_key.locks.redis idempotency_key.storage,DynaMOSA-TypeHints,--guess_unknown_types True --constant_seeding True --seeded_primitives_reuse_probability 0.2 --dynamic_constant_seeding True --seeded_dynamic_values_reuse_probability 0.6 --maximum_search_time 600 --output_variables Coverage --algorithm DYNAMOSA --type_inference_strategy TYPE_HINTS,pynguin_auto_tests_1653025019694_3716307,,,20,295
/scratch/scharnboec/FlakyRoot/projects/anonapi,/scratch/scharnboec/FlakyRoot/projects/anonapi/pynguin_auto_tests_1653025019976_5988985,/scratch/scharnboec/FlakyRoot/flakyexperiments/src/test_package/anonapi_1653025019976_8310453,/scratch/scharnboec/FlakyRoot/flakyexperiments,anonapi,https://github.com/sjoerdk/anonapi,v1.7.0,1.7.0,anonapi.cli.create_commands examples.get_job_status docs.sphinx.conf anonapi.decorators anonapi.exceptions examples.get_api_definition anonapi.cli.entrypoint anonapi.cli.batch_commands anonapi.responses anonapi.cli.user_commands anonapi.testresources anonapi.cli.job_commands anonapi.objects anonapi.cli.settings_commands anonapi.cli.click_parameter_types examples.anonymize_files_sop_class_filter anonapi.batch anonapi.parameters anonapi.logging anonapi.client examples.cancel_job examples.modify_jobs anonapi.context examples.anonymize_files_from_idc anonapi.paths anonapi.cli.server_commands anonapi.mapper anonapi.settings anonapi.cli.select_commands anonapi.inputfile anonapi.selection anonapi.cli.map_commands anonapi.persistence examples.anonymize_files_from_share anonapi.cli.click_parameters,DynaMOSA-TypeHints,--guess_unknown_types True --constant_seeding True --seeded_primitives_reuse_probability 0.2 --dynamic_constant_seeding True --seeded_dynamic_values_reuse_probability 0.6 --maximum_search_time 600 --output_variables Coverage --algorithm DYNAMOSA --type_inference_strategy TYPE_HINTS,pynguin_auto_tests_1653025019976_5988985,,,20,532
/scratch/scharnboec/FlakyRoot/projects/flask-request-logger,/scratch/scharnboec/FlakyRoot/projects/flask-request-logger/pynguin_auto_tests_1653025019631_8818796,/scratch/scharnboec/FlakyRoot/flakyexperiments/src/test_package/flask-request-logger_1653025019631_4124881,/scratch/scharnboec/FlakyRoot/flakyexperiments,flask-request-logger,https://github.com/BbsonLin/flask-request-logger,b1f97a883b5e50149eb85413eb9c3332c0cb1740,0.3.3,flask_request_logger.models flask_request_logger.request_logger flask_request_logger.__about__ flask_request_logger.utils flask_request_logger.database flask_request_logger.schemas flask_request_logger.cli flask_request_logger.api,DynaMOSA-TypeHints,--guess_unknown_types True --constant_seeding True --seeded_primitives_reuse_probability 0.2 --dynamic_constant_seeding True --seeded_dynamic_values_reuse_probability 0.6 --maximum_search_time 600 --output_variables Coverage --algorithm DYNAMOSA --type_inference_strategy TYPE_HINTS,pynguin_auto_tests_1653025019631_8818796,,,20,244
/scratch/scharnboec/FlakyRoot/projects/gpuview,/scratch/scharnboec/FlakyRoot/projects/gpuview/pynguin_auto_tests_1653025020082_6255337,/scratch/scharnboec/FlakyRoot/flakyexperiments/src/test_package/gpuview_1653025020082_7198445,/scratch/scharnboec/FlakyRoot/flakyexperiments,gpuview,https://github.com/fgaim/gpuview,09ab0a26a144fdda10688233cee7943678131290,0.4.0,gpuview.core gpuview.app gpuview.__main__ gpuview.utils gpuview.test_gpuview,DynaMOSA-TypeHints,--guess_unknown_types True --constant_seeding True --seeded_primitives_reuse_probability 0.2 --dynamic_constant_seeding True --seeded_dynamic_values_reuse_probability 0.6 --maximum_search_time 600 --output_variables Coverage --algorithm DYNAMOSA --type_inference_strategy TYPE_HINTS,pynguin_auto_tests_1653025020082_6255337,,,20,625
/scratch/scharnboec/FlakyRoot/projects/exonum-launcher,/scratch/scharnboec/FlakyRoot/projects/exonum-launcher/pynguin_auto_tests_1653025019557_4646577,/scratch/scharnboec/FlakyRoot/flakyexperiments/src/test_package/exonum-launcher_1653025019557_3408397,/scratch/scharnboec/FlakyRoot/flakyexperiments,exonum-launcher,https://github.com/exonum/exonum-launcher,v0.2.0,0.2.0,exonum_launcher.launch_state exonum_launcher.supervisor exonum_launcher.cli exonum_launcher.runtimes.runtime exonum_launcher.__main__ exonum_launcher.main exonum_launcher.runtimes.rust exonum_launcher.instances.instance_spec_loader exonum_launcher.configuration exonum_launcher.explorer exonum_launcher.launcher exonum_launcher.action_result exonum_launcher.instances.default_spec_loader,DynaMOSA-TypeHints,--guess_unknown_types True --constant_seeding True --seeded_primitives_reuse_probability 0.2 --dynamic_constant_seeding True --seeded_dynamic_values_reuse_probability 0.6 --maximum_search_time 600 --output_variables Coverage --algorithm DYNAMOSA --type_inference_strategy TYPE_HINTS,pynguin_auto_tests_1653025019557_4646577,,,20,182
/scratch/scharnboec/FlakyRoot/projects/subliminal,/scratch/scharnboec/FlakyRoot/projects/subliminal/pynguin_auto_tests_1653025019487_3072475,/scratch/scharnboec/FlakyRoot/flakyexperiments/src/test_package/subliminal_1653025019487_1087069,/scratch/scharnboec/FlakyRoot/flakyexperiments,subliminal,https://github.com/Diaoul/subliminal,2.1.0,2.1.0,subliminal.refiners.hash subliminal.providers.addic7ed subliminal.matches subliminal.providers.thesubdb subliminal.cli subliminal.cache subliminal.converters.tvsubtitles subliminal.video subliminal.refiners.tvdb subliminal.providers.napiprojekt subliminal.converters.shooter subliminal.providers.legendastv subliminal.converters.legendastv subliminal.providers.shooter subliminal.score subliminal.core subliminal.subtitle subliminal.extensions subliminal.providers.argenteam subliminal.providers.opensubtitles subliminal.providers.podnapisi subliminal.exceptions subliminal.providers.tvsubtitles subliminal.refiners.metadata subliminal.converters.thesubdb subliminal.converters.addic7ed subliminal.refiners.omdb subliminal.utils,DynaMOSA-TypeHints,--guess_unknown_types True --constant_seeding True --seeded_primitives_reuse_probability 0.2 --dynamic_constant_seeding True --seeded_dynamic_values_reuse_probability 0.6 --maximum_search_time 600 --output_variables Coverage --algorithm DYNAMOSA --type_inference_strategy TYPE_HINTS,pynguin_auto_tests_1653025019487_3072475,,,20,121
/scratch/scharnboec/FlakyRoot/projects/noisyopt,/scratch/scharnboec/FlakyRoot/projects/noisyopt/pynguin_auto_tests_1653025020153_6804158,/scratch/scharnboec/FlakyRoot/flakyexperiments/src/test_package/noisyopt_1653025020153_1820057,/scratch/scharnboec/FlakyRoot/flakyexperiments,noisyopt,https://github.com/andim/noisyopt,0.2.2,0.2.2,noisyopt.version noisyopt.main,DynaMOSA-TypeHints,--guess_unknown_types True --constant_seeding True --seeded_primitives_reuse_probability 0.2 --dynamic_constant_seeding True --seeded_dynamic_values_reuse_probability 0.6 --maximum_search_time 600 --output_variables Coverage --algorithm DYNAMOSA --type_inference_strategy TYPE_HINTS,pynguin_auto_tests_1653025020153_6804158,,,20,686
/scratch/scharnboec/FlakyRoot/projects/asyncloop,/scratch/scharnboec/FlakyRoot/projects/asyncloop/pynguin_auto_tests_1653025019985_9508556,/scratch/scharnboec/FlakyRoot/flakyexperiments/src/test_package/asyncloop_1653025019985_2930887,/scratch/scharnboec/FlakyRoot/flakyexperiments,asyncloop,https://github.com/dgkim5360/asyncloop,v0.0.1.dev2,0.0.1.dev2,asyncloop.thread asyncloop.set asyncloop.job,DynaMOSA-TypeHints,--guess_unknown_types True --constant_seeding True --seeded_primitives_reuse_probability 0.2 --dynamic_constant_seeding True --seeded_dynamic_values_reuse_probability 0.6 --maximum_search_time 600 --output_variables Coverage --algorithm DYNAMOSA --type_inference_strategy TYPE_HINTS,pynguin_auto_tests_1653025019985_9508556,,,20,540
/scratch/scharnboec/FlakyRoot/projects/diplomacy,/scratch/scharnboec/FlakyRoot/projects/diplomacy/pynguin_auto_tests_1653025019450_1086077,/scratch/scharnboec/FlakyRoot/flakyexperiments/src/test_package/diplomacy_1653025019450_8160019,/scratch/scharnboec/FlakyRoot/flakyexperiments,diplomacy,https://github.com/diplomacy/diplomacy,v1.1.2,1.1.2,diplomacy.engine.renderer diplomacy.version diplomacy.server.scheduler diplomacy.settings diplomacy.client.notification_managers diplomacy.server.request_manager_utils diplomacy.client.connection diplomacy.utils.keywords diplomacy.utils.errors diplomacy.daide.requests diplomacy.server.server_game diplomacy.utils.splitter diplomacy.server.request_managers diplomacy.engine.map diplomacy.utils.convoy_paths diplomacy.daide.server diplomacy.communication.notifications diplomacy.daide.notification_managers diplomacy.engine.game diplomacy.engine.power diplomacy.daide.clauses diplomacy.communication.responses diplomacy.integration.webdiplomacy_net.api diplomacy.utils.game_phase_data diplomacy.utils.priority_dict diplomacy.daide.utils diplomacy.web.svg_to_react diplomacy.client.channel diplomacy.utils.export diplomacy.daide.messages diplomacy.utils.strings diplomacy.integration.base_api diplomacy.communication.requests diplomacy.utils.time diplomacy.client.network_game diplomacy.client.response_managers diplomacy.utils.sorted_set diplomacy.daide.tokens diplomacy.server.users diplomacy.engine.message diplomacy.utils.parsing diplomacy.server.user diplomacy.utils.network_data diplomacy.daide.connection_handler diplomacy.integration.webdiplomacy_net.orders diplomacy.daide.request_managers diplomacy.utils.order_results diplomacy.client.game_instances_set diplomacy.server.server diplomacy.utils.equilateral_triangle diplomacy.utils.sorted_dict diplomacy.server.connection_handler diplomacy.server.notifier diplomacy.daide.responses diplomacy.utils.common diplomacy.utils.jsonable diplomacy.integration.webdiplomacy_net.game diplomacy.integration.webdiplomacy_net.utils diplomacy.utils.scheduler_event diplomacy.utils.constants diplomacy.server.run diplomacy.daide.notifications diplomacy.utils.exceptions,DynaMOSA-TypeHints,--guess_unknown_types True --constant_seeding True --seeded_primitives_reuse_probability 0.2 --dynamic_constant_seeding True --seeded_dynamic_values_reuse_probability 0.6 --maximum_search_time 600 --output_variables Coverage --algorithm DYNAMOSA --type_inference_strategy TYPE_HINTS,pynguin_auto_tests_1653025019450_1086077,,,20,88
/scratch/scharnboec/FlakyRoot/projects/gwopensci,/scratch/scharnboec/FlakyRoot/projects/gwopensci/pynguin_auto_tests_1653025019418_5545119,/scratch/scharnboec/FlakyRoot/flakyexperiments/src/test_package/gwopensci_1653025019418_4390233,/scratch/scharnboec/FlakyRoot/flakyexperiments,gwopensci,https://github.com/duncanmmacleod/gwopensci,v0.2.1,0.2.1,gwopensci.test_gwopensci gwopensci.urls gwopensci.api gwopensci.locate gwopensci.datasets gwopensci._version gwopensci.timeline gwopensci.utils,DynaMOSA-TypeHints,--guess_unknown_types True --constant_seeding True --seeded_primitives_reuse_probability 0.2 --dynamic_constant_seeding True --seeded_dynamic_values_reuse_probability 0.6 --maximum_search_time 600 --output_variables Coverage --algorithm DYNAMOSA --type_inference_strategy TYPE_HINTS,pynguin_auto_tests_1653025019418_5545119,,,20,59
/scratch/scharnboec/FlakyRoot/projects/edk2-pytool-library,/scratch/scharnboec/FlakyRoot/projects/edk2-pytool-library/pynguin_auto_tests_1653025020043_5532274,/scratch/scharnboec/FlakyRoot/flakyexperiments/src/test_package/edk2-pytool-library_1653025020043_6816837,/scratch/scharnboec/FlakyRoot/flakyexperiments,edk2-pytool-library,https://github.com/tianocore/edk2-pytool-library,v0.9.2,0.9.2,edk2toollib.windows.capsule.cat_generator_test edk2toollib.tpm.tpm2_defs edk2toollib.tpm.tpm2_policy_calc_test edk2toollib.uefi.edk2.variablestore_manulipulations edk2toollib.uefi.edk2.parsers.buildreport_parser edk2toollib.windows.capsule.inf_generator_test edk2toollib.tpm.tpm2_defs_test edk2toollib.uefi.edk2.parsers.override_parser_test edk2toollib.uefi.edk2.ftw_working_block_format edk2toollib.uefi.edk2.parsers.fdf_parser edk2toollib.log.file_handler edk2toollib.uefi.edk2.parsers.targettxt_parser edk2toollib.log.junit_report_format edk2toollib.windows.locate_tools_test edk2toollib.uefi.edk2.parsers.base_parser edk2toollib.log.ansi_handler edk2toollib.windows.locate_tools edk2toollib.uefi.edk2.variable_format edk2toollib.uefi.edk2.parsers.inf_parser edk2toollib.utility_functions edk2toollib.tpm.tpm2_stream_test edk2toollib.uefi.edk2.parsers.dsc_parser edk2toollib.uefi.edk2.parsers.override_parser edk2toollib.uefi.pi_firmware_volume edk2toollib.windows.capsule.inf_generator edk2toollib.windows.capsule.cat_generator edk2toollib.log.markdown_handler edk2toollib.uefi.pi_firmware_file edk2toollib.acpi.dmar_parser edk2toollib.tpm.tpm2_simulator edk2toollib.uefi.status_codes edk2toollib.uefi.authenticated_variables_structure_support edk2toollib.log.ansi_handler_test edk2toollib.log.string_handler edk2toollib.tpm.tpm2_stream edk2toollib.uefi.bmp_object_test edk2toollib.tpm.tpm2_policy_calc edk2toollib.uefi.bmp_object edk2toollib.uefi.edk2.path_utilities edk2toollib.uefi.edk2.variable_format_test edk2toollib.uefi.wincert edk2toollib.uefi.uefi_multi_phase edk2toollib.uefi.edk2.parsers.dec_parser,DynaMOSA-TypeHints,--guess_unknown_types True --constant_seeding True --seeded_primitives_reuse_probability 0.2 --dynamic_constant_seeding True --seeded_dynamic_values_reuse_probability 0.6 --maximum_search_time 600 --output_variables Coverage --algorithm DYNAMOSA --type_inference_strategy TYPE_HINTS,pynguin_auto_tests_1653025020043_5532274,,,20,591
/scratch/scharnboec/FlakyRoot/projects/crossplane,/scratch/scharnboec/FlakyRoot/projects/crossplane/pynguin_auto_tests_1653025019621_2433541,/scratch/scharnboec/FlakyRoot/flakyexperiments/src/test_package/crossplane_1653025019621_7757008,/scratch/scharnboec/FlakyRoot/flakyexperiments,crossplane,https://github.com/caas-one/crossplane,d5b39fcae31cd0c26af5d425fa7cb591d1ee91ee,0.5.7,crossplane.ext.lua crossplane.errors crossplane.compat crossplane.builder crossplane.analyzer crossplane.parser crossplane.__main__ crossplane.ext.abstract crossplane.formatter crossplane.lexer,DynaMOSA-TypeHints,--guess_unknown_types True --constant_seeding True --seeded_primitives_reuse_probability 0.2 --dynamic_constant_seeding True --seeded_dynamic_values_reuse_probability 0.6 --maximum_search_time 600 --output_variables Coverage --algorithm DYNAMOSA --type_inference_strategy TYPE_HINTS,pynguin_auto_tests_1653025019621_2433541,,,20,236
/scratch/scharnboec/FlakyRoot/projects/kitsune,/scratch/scharnboec/FlakyRoot/projects/kitsune/pynguin_auto_tests_1653025020120_1549655,/scratch/scharnboec/FlakyRoot/flakyexperiments/src/test_package/kitsune_1653025020120_6785763,/scratch/scharnboec/FlakyRoot/flakyexperiments,kitsune,https://github.com/aluttik/kitsune,43824cccf46f433a71b30a7febc0e3500b831067,1.3.1,kitsune.kitsune kitsune.colors kitsune.file kitsune.__main__,DynaMOSA-TypeHints,--guess_unknown_types True --constant_seeding True --seeded_primitives_reuse_probability 0.2 --dynamic_constant_seeding True --seeded_dynamic_values_reuse_probability 0.6 --maximum_search_time 600 --output_variables Coverage --algorithm DYNAMOSA --type_inference_strategy TYPE_HINTS,pynguin_auto_tests_1653025020120_1549655,,,20,657
/scratch/scharnboec/FlakyRoot/projects/kevinarpe-rambutan3,/scratch/scharnboec/FlakyRoot/projects/kevinarpe-rambutan3/pynguin_auto_tests_1653025019844_3453252,/scratch/scharnboec/FlakyRoot/flakyexperiments/src/test_package/kevinarpe-rambutan3_1653025019844_6630950,/scratch/scharnboec/FlakyRoot/flakyexperiments,kevinarpe-rambutan3,https://github.com/kevinarpe/kevinarpe-rambutan3,1.8.0,1.8.0,rambutan3.container.RDict rambutan3.check_args.annotation.INT rambutan3.string.RIdentifier rambutan3.op_sys.RThreading rambutan3.enumeration.RTypedEnum rambutan3.check_args.annotation.BINARY_OUTPUT_STREAM rambutan3.check_args.annotation.SEQUENCE_WHERE_EXACTLY rambutan3.check_args.annotation.DICT rambutan3.check_args.iter.RIterableOfMatcher rambutan3.check_args.annotation.NON_NEGATIVE_NUMBER rambutan3.check_args.annotation.RANGE_SIZE_TUPLE rambutan3.op_sys.RFileTypeEnum rambutan3.check_args.cls_or_self.RAbstractClassOrSelfInstanceMatcher rambutan3.check_args.annotation.ANY rambutan3.check_args.file.RFilePathMatcher rambutan3.check_args.annotation.EXACT_SIZE_BUILTIN_DICT_OF rambutan3.check_args.annotation.TUPLE_WHERE_AT_LEAST rambutan3.check_args.RCheckArgsError rambutan3.check_args.annotation.RANGE_SIZE_SET rambutan3.container.RAbstractForwardingFixedSizeDict rambutan3.check_args.annotation.LITERAL_VALUE rambutan3.container.RTypedDict rambutan3.enumeration.REnum rambutan3.string.RStrUtil rambutan3.check_args.annotation.NON_EMPTY_BUILTIN_SET rambutan3.check_args.annotation.POSITIVE_INT rambutan3.container.RFullTypedEnumDict rambutan3.check_args.annotation.TUPLE_WHERE_EXACTLY rambutan3.check_args.range.RRangeBound_ rambutan3.check_args.annotation.NOT rambutan3.check_args.base.traverse.RTypeMatcherTraversePathStepEnum rambutan3.check_args.annotation.DICT_WHERE_EXACTLY rambutan3.container.RAbstractForwardingFixedSizeTypedEnumDict rambutan3.check_args.annotation.BYTES rambutan3.check_args.annotation.RANGE_SIZE_BUILTIN_DICT_OF rambutan3.check_args.annotation.EXACT_SIZE_SET_OF rambutan3.error.RUnreachableCode rambutan3.check_args.annotation.RANGE_SIZE_LIST_OF rambutan3.check_args.seq.RRangeSizeUniqueSequenceOfMatcher rambutan3.check_args.annotation.POSITIVE_FLOAT rambutan3.check_args.annotation.REGEX_PATTERN rambutan3.check_args.seq.RUniqueSequenceMatcher rambutan3.check_args.func.RFunctionSignatureMatcher rambutan3.check_args.annotation.BUILTIN_DICT_WHERE_AT_LEAST rambutan3.check_args.annotation.NON_POSITIVE_FLOAT rambutan3.check_args.annotation.STR_MESSAGE_TEXT rambutan3.check_args.annotation.EXACT_SIZE_BUILTIN_DICT rambutan3.check_args.file.RUncheckedRestrictedUnixFilePathMatcher rambutan3.check_args.annotation.LIST_OF rambutan3.check_args.annotation.SUBCLASS_OF rambutan3.check_args.annotation.NON_EMPTY_LIST rambutan3.check_args.annotation.EXACT_SIZE_DICT rambutan3.check_args.annotation.RANGE_SIZE_DICT rambutan3.check_args.annotation.BUILTIN_FROZENSET_OF rambutan3.check_args.annotation.SET rambutan3.check_args.annotation.BINARY_SEQUENCE rambutan3.check_args.annotation.EXACT_SIZE_UNIQUE_SEQUENCE_OF rambutan3.check_args.annotation.EXACT_SIZE_UNIQUE_TUPLE rambutan3.check_args.annotation.INSTANCE_OF rambutan3.check_args.annotation.FLOAT_RANGE rambutan3.check_args.annotation.RANGE_SIZE_UNIQUE_SEQUENCE rambutan3.check_args.annotation.NON_EMPTY_UNIQUE_SEQUENCE rambutan3.check_args.annotation.TYPE rambutan3.check_args.base.RInstanceByTypeNameMatcher rambutan3.check_args.annotation.NEGATIVE_NUMBER rambutan3.check_args.annotation.NON_POSITIVE_INT rambutan3.check_args.annotation.INT_RANGE rambutan3.check_args.annotation.STR_STRICT_IDENTIFIER rambutan3.check_args.base.RAnyValueOfMatcher rambutan3.string.RStrictIdentifier rambutan3.check_args.binary_seq.RBinarySequenceMatcher rambutan3.check_args.annotation.SEQUENCE_WHERE_AT_LEAST rambutan3.check_args.annotation.STR_MATCHES_REGEX rambutan3.check_args.range.RFloatRangeMatcher rambutan3.check_args.annotation.RANGE_SIZE_UNIQUE_LIST_OF rambutan3.check_args.base.RAbstractTypeMatcher rambutan3.check_args.set.RSetEnum rambutan3.check_args.annotation.NON_EMPTY_STR rambutan3.check_args.annotation.SET_OF rambutan3.container.RAbstractForwardingFixedSizeTypedDict rambutan3.container.RUnmodifiableSetView rambutan3.container.RAbstractForwardingSet rambutan3.op_sys.RFileAccessEnum rambutan3.check_args.seq.RSequenceWhereMatcher rambutan3.check_args.annotation.NONE rambutan3.container.RFullEnumKeyTypedDict rambutan3.check_args.annotation.BUILTIN_DICT rambutan3.check_args.annotation.NON_EMPTY_DICT_OF rambutan3.check_args.annotation.UNIQUE_LIST rambutan3.check_args.binary_seq.RBinarySequenceEnum rambutan3.check_args.range.RRangeBoundFunctionEnumData_ rambutan3.check_args.base.traverse.RTypeMatcherError rambutan3.check_args.annotation.CLS rambutan3.ROpSysUtil rambutan3.check_args.annotation.BYTEARRAY rambutan3.check_args.annotation.INSTANCE_BY_TYPE_NAME rambutan3.check_args.annotation.RANGE_SIZE_LIST rambutan3.check_args.annotation.EXACT_SIZE_BUILTIN_SET_OF rambutan3.check_args.annotation.NON_EMPTY_UNIQUE_LIST_OF rambutan3.check_args.annotation.NON_EMPTY_SET rambutan3.check_args.annotation.ANY_VALUE_OF rambutan3.check_args.func.RFunctionSignatureMatcherBuilder rambutan3.check_args.set.RRangeSizeSetMatcher rambutan3.RTestUtil rambutan3.error.RIllegalStateError rambutan3.check_args.annotation.NON_EMPTY_TUPLE_OF rambutan3.check_args.annotation.RANGE_SIZE_STR rambutan3.check_args.annotation.INSTANCE_OF_WITH_PREDICATE rambutan3.check_args.annotation.NON_EMPTY_DICT rambutan3.container.RSet rambutan3.check_args.annotation.EXACT_SIZE_TUPLE rambutan3.check_args.annotation.NON_POSITIVE_NUMBER rambutan3.check_args.base.RInstanceMatcher rambutan3.check_args.annotation.EXACT_SIZE_TUPLE_OF rambutan3.check_args.annotation.TUPLE rambutan3.check_args.annotation.BUILTIN_SET rambutan3.check_args.range.RNumberRangeMatcher rambutan3.check_args.base.RAbstractForwardingTypeMatcher rambutan3.RTypes rambutan3.check_args.annotation.RANGE_SIZE_UNIQUE_LIST rambutan3.check_args.seq.RRangeSizeSequenceOfMatcher rambutan3.RArgs rambutan3.check_args.annotation.NUMBER_RANGE rambutan3.check_args.annotation.EXACT_SIZE_UNIQUE_LIST rambutan3.check_args.annotation.RANGE_SIZE_SET_OF rambutan3.check_args.annotation.NON_EMPTY_SET_OF rambutan3.check_args.annotation.BOOL rambutan3.check_args.annotation.ITERABLE_OF rambutan3.check_args.annotation.EXACT_SIZE_LIST rambutan3.check_args.range.RRange_ rambutan3.check_args.annotation.NOT_NONE rambutan3.container.RTypedEnumDict rambutan3.check_args.RCheckArgs rambutan3.string.RMessageText rambutan3.check_args.annotation.POSITIVE_NUMBER rambutan3.check_args.file.RFilePathTypeEnum rambutan3.check_args.seq.RSequenceEnum rambutan3.check_args.annotation.RANGE_SIZE_BUILTIN_SET rambutan3.check_args.annotation.RANGE_SIZE_SEQUENCE rambutan3.check_args.annotation.TYPE_MATCHER rambutan3.container.RAbstractForwardingTypedDict rambutan3.check_args.annotation.EXACT_SIZE_SEQUENCE_OF rambutan3.check_args.annotation.NON_EMPTY_BUILTIN_FROZENSET rambutan3.check_args.annotation.OUTPUT_STREAM rambutan3.check_args.annotation.RESTRICTED_INSTANCE_OF rambutan3.check_args.annotation.EXACT_SIZE_BUILTIN_SET rambutan3.check_args.annotation.TEXT_INPUT_STREAM rambutan3.check_args.annotation.EXACT_SIZE_DICT_OF rambutan3.check_args.annotation.UNCHECKED_RESTRICTED_UNIX_FILE_PATH rambutan3.check_args.annotation.NON_NEGATIVE_FLOAT rambutan3.check_args.annotation.RANGE_SIZE_UNIQUE_TUPLE rambutan3.check_args.base.RInstanceWithPredicateMatcher rambutan3.check_args.set.RSetMatcher rambutan3.check_args.annotation.UNIQUE_LIST_OF rambutan3.string.RPatternText rambutan3.check_args.annotation.EXACT_SIZE_UNIQUE_TUPLE_OF rambutan3.check_args.annotation.EXACT_SIZE_LIST_OF rambutan3.check_args.annotation.LIST_WHERE_AT_LEAST rambutan3.container.frozendict rambutan3.check_args.annotation.SELF rambutan3.check_args.cls_or_self.RSelfInstanceMatcher rambutan3.check_args.annotation.RANGE_SIZE_DICT_OF rambutan3.check_args.annotation.FUNC_OF rambutan3.check_args.dict.RDictOfMatcher rambutan3.check_args.annotation.RANGE_SIZE_BUILTIN_SET_OF rambutan3.container.RAbstractForwardingTypedEnumDict rambutan3.check_args.annotation.NON_EMPTY_BUILTIN_DICT rambutan3.check_args.annotation.NON_EMPTY_BUILTIN_SET_OF rambutan3.check_args.annotation.NON_EMPTY_ITERABLE rambutan3.check_args.annotation.NON_EMPTY_UNIQUE_LIST rambutan3.check_args.annotation.NON_EMPTY_UNIQUE_TUPLE rambutan3.check_args.set.RSetOfMatcher rambutan3.RIterableUtil rambutan3.check_args.seq.RSequenceMatcher rambutan3.check_args.annotation.BINARY_INPUT_STREAM rambutan3.check_args.annotation.STR_IDENTIFIER rambutan3.check_args.annotation.RANGE_SIZE_UNIQUE_TUPLE_OF rambutan3.check_args.range.RRangeBoundFunctionEnum_ rambutan3.check_args.annotation.EXACT_SIZE_BUILTIN_FROZENSET rambutan3.check_args.annotation.LIST_WHERE_EXACTLY rambutan3.check_args.dict.RDictMatcher rambutan3.check_args.base.RLogicalNotTypeMatcher rambutan3.check_args.annotation.ONE_OR_MORE_OF rambutan3.check_args.annotation.UNIQUE_TUPLE rambutan3.check_args.cls_or_self.RClassInstanceMatcher rambutan3.check_args.annotation.INPUT_STREAM rambutan3.check_args.annotation.RANGE_SIZE_UNIQUE_SEQUENCE_OF rambutan3.check_args.annotation.NEGATIVE_INT rambutan3.check_args.base.RStrictInstanceMatcher rambutan3.container.hashableset rambutan3.check_args.annotation.CHECKED_FILE_PATH rambutan3.container.RList rambutan3.check_args.annotation.NON_EMPTY_UNIQUE_TUPLE_OF rambutan3.check_args.annotation.RANGE_SIZE_BUILTIN_FROZENSET rambutan3.check_args.annotation.RANGE_SIZE_TUPLE_OF rambutan3.check_args.collection.RRangeSizeMatcher rambutan3.check_args.annotation.BUILTIN_SET_OF rambutan3.check_args.range.RIntRangeMatcher rambutan3.check_args.annotation.BUILTIN_DICT_WHERE_EXACTLY rambutan3.check_args.annotation.UNIQUE_SEQUENCE_OF rambutan3.check_args.iter.RNonEmptyIterableOfMatcher rambutan3.check_args.annotation.NON_EMPTY_TUPLE rambutan3.check_args.dict.RDictWhereMatcher rambutan3.op_sys.RSignalEnum rambutan3.check_args.annotation.UNIQUE_TUPLE_OF rambutan3.check_args.annotation.UNIQUE_SEQUENCE rambutan3.check_args.annotation.NON_EMPTY_UNIQUE_SEQUENCE_OF rambutan3.check_args.seq.RUniqueSequenceOfMatcher rambutan3.check_args.annotation.ITERABLE rambutan3.check_args.annotation.MEMORYVIEW rambutan3.check_args.seq.RSequenceOfMatcher rambutan3.check_args.annotation.NEGATIVE_FLOAT rambutan3.check_args.annotation.ZERO_OR_MORE_OF rambutan3.string.RNonEmptyStr rambutan3.container.RAbstractForwardingUnmodifiableDict rambutan3.container.RAbstractForwardingUnmodifiableSet rambutan3.check_args.annotation.LIST rambutan3.check_args.annotation.FLOAT rambutan3.check_args.annotation.EXACT_SIZE_UNIQUE_SEQUENCE rambutan3.check_args.annotation.SEQUENCE_OF rambutan3.check_args.base.RNotNoneTypeMatcher rambutan3.check_args.annotation.TEXT_OUTPUT_STREAM rambutan3.check_args.annotation.DICT_WHERE_AT_LEAST rambutan3.check_args.annotation.NON_EMPTY_BUILTIN_DICT_OF rambutan3.check_args.base.traverse.RTypeMatcherTraversePathStep rambutan3.container.RAbstractForwardingUnmodifiableList rambutan3.check_args.annotation.RANGE_SIZE_SEQUENCE_OF rambutan3.check_args.base.RSubclassMatcher rambutan3.check_args.range.RRangeBoundFunction_ rambutan3.check_args.annotation.NUMBER rambutan3.check_args.annotation.NON_EMPTY_LIST_OF rambutan3.check_args.annotation.RANGE_SIZE_BUILTIN_FROZENSET_OF rambutan3.check_args.annotation.SEQUENCE rambutan3.check_args.annotation.STR rambutan3.check_args.annotation.NON_NEGATIVE_INT rambutan3.container.RUnmodifiableListView rambutan3.check_args.iter.RNonEmptyIterableMatcher rambutan3.container.RUnmodifiableDictView rambutan3.check_args.other.RRegexMatcher rambutan3.check_args.annotation.NON_EMPTY_ITERABLE_OF rambutan3.check_args.annotation.BUILTIN_DICT_OF rambutan3.check_args.annotation.NON_EMPTY_BUILTIN_FROZENSET_OF rambutan3.container.RAbstractForwardingList rambutan3.check_args.annotation.NON_EMPTY_SEQUENCE rambutan3.check_args.annotation.NON_EMPTY_SEQUENCE_OF rambutan3.container.RAbstractForwardingDict rambutan3.check_args.seq.RRangeSizeSequenceMatcher rambutan3.check_args.dict.RRangeSizeDictOfMatcher rambutan3.check_args.annotation.EXACT_SIZE_UNIQUE_LIST_OF rambutan3.check_args.annotation.STRICT_INSTANCE_OF rambutan3.RDelegator rambutan3.check_args.iter.RIterableMatcher rambutan3.check_args.annotation.EXACT_SIZE_BUILTIN_FROZENSET_OF rambutan3.check_args.set.RRangeSizeSetOfMatcher rambutan3.container.hashabledict rambutan3.check_args.annotation.BUILTIN_FROZENSET rambutan3.check_args.dict.RDictEnum rambutan3.check_args.dict.RRangeSizeDictMatcher rambutan3.check_args.seq.RRangeSizeUniqueSequenceMatcher rambutan3.check_args.annotation.FUNC rambutan3.check_args.annotation.TUPLE_OF rambutan3.check_args.base.RRestrictedInstanceMatcher rambutan3.check_args.other.RRangeSizeStr rambutan3.check_args.annotation.DICT_OF rambutan3.string.RStr rambutan3.check_args.annotation.EXACT_SIZE_SET rambutan3.check_args.annotation.EXACT_SIZE_SEQUENCE rambutan3.check_args.annotation.RANGE_SIZE_BUILTIN_DICT,DynaMOSA-TypeHints,--guess_unknown_types True --constant_seeding True --seeded_primitives_reuse_probability 0.2 --dynamic_constant_seeding True --seeded_dynamic_values_reuse_probability 0.6 --maximum_search_time 600 --output_variables Coverage --algorithm DYNAMOSA --type_inference_strategy TYPE_HINTS,pynguin_auto_tests_1653025019844_3453252,,,20,418
/scratch/scharnboec/FlakyRoot/projects/multicrypto,/scratch/scharnboec/FlakyRoot/projects/multicrypto/pynguin_auto_tests_1653025019378_4834055,/scratch/scharnboec/FlakyRoot/flakyexperiments/src/test_package/multicrypto_1653025019378_2460186,/scratch/scharnboec/FlakyRoot/flakyexperiments,multicrypto,https://github.com/tompin/multicrypto,0.1.9,0.1.9,multicrypto.coins multicrypto.commands.transprivkey multicrypto.base58 multicrypto.commands.sweepaddress multicrypto.utils multicrypto.commands.sendcrypto multicrypto.ethaddress multicrypto.address multicrypto.log multicrypto.commands.genaddress multicrypto.commands.checkaddress multicrypto.consts multicrypto.transaction multicrypto.network multicrypto.commands.transaddress,DynaMOSA-TypeHints,--guess_unknown_types True --constant_seeding True --seeded_primitives_reuse_probability 0.2 --dynamic_constant_seeding True --seeded_dynamic_values_reuse_probability 0.6 --maximum_search_time 600 --output_variables Coverage --algorithm DYNAMOSA --type_inference_strategy TYPE_HINTS,pynguin_auto_tests_1653025019378_4834055,,,20,25
/scratch/scharnboec/FlakyRoot/projects/l293d,/scratch/scharnboec/FlakyRoot/projects/l293d/pynguin_auto_tests_1653025019714_6715833,/scratch/scharnboec/FlakyRoot/flakyexperiments/src/test_package/l293d_1653025019714_7172832,/scratch/scharnboec/FlakyRoot/flakyexperiments,l293d,https://github.com/jamesevickery/l293d,v0.3.4,0.3.4,l293d.driver l293d.config,DynaMOSA-TypeHints,--guess_unknown_types True --constant_seeding True --seeded_primitives_reuse_probability 0.2 --dynamic_constant_seeding True --seeded_dynamic_values_reuse_probability 0.6 --maximum_search_time 600 --output_variables Coverage --algorithm DYNAMOSA --type_inference_strategy TYPE_HINTS,pynguin_auto_tests_1653025019714_6715833,,,20,312
/scratch/scharnboec/FlakyRoot/projects/torch-embed-sim,/scratch/scharnboec/FlakyRoot/projects/torch-embed-sim/pynguin_auto_tests_1653025020253_3319105,/scratch/scharnboec/FlakyRoot/flakyexperiments/src/test_package/torch-embed-sim_1653025020253_3308840,/scratch/scharnboec/FlakyRoot/flakyexperiments,torch-embed-sim,https://github.com/CyberZHG/torch-embed-sim,ace404f9cca0d47aa3efcf4e819bcd48899e4e35,0.3.2,torch_embed_sim.embedding_sim,DynaMOSA-TypeHints,--guess_unknown_types True --constant_seeding True --seeded_primitives_reuse_probability 0.2 --dynamic_constant_seeding True --seeded_dynamic_values_reuse_probability 0.6 --maximum_search_time 600 --output_variables Coverage --algorithm DYNAMOSA --type_inference_strategy TYPE_HINTS,pynguin_auto_tests_1653025020253_3319105,,,20,773
/scratch/scharnboec/FlakyRoot/projects/pytest-antilru,/scratch/scharnboec/FlakyRoot/projects/pytest-antilru/pynguin_auto_tests_1653025019899_9254071,/scratch/scharnboec/FlakyRoot/flakyexperiments/src/test_package/pytest-antilru_1653025019899_4184693,/scratch/scharnboec/FlakyRoot/flakyexperiments,pytest-antilru,https://github.com/ipwnponies/pytest-antilru,v1.1.0,1.1.0,pytest_antilru.main,DynaMOSA-TypeHints,--guess_unknown_types True --constant_seeding True --seeded_primitives_reuse_probability 0.2 --dynamic_constant_seeding True --seeded_dynamic_values_reuse_probability 0.6 --maximum_search_time 600 --output_variables Coverage --algorithm DYNAMOSA --type_inference_strategy TYPE_HINTS,pynguin_auto_tests_1653025019899_9254071,,,20,464
/scratch/scharnboec/FlakyRoot/projects/pynguin,/scratch/scharnboec/FlakyRoot/projects/pynguin/pynguin_auto_tests_1653025019375_9420147,/scratch/scharnboec/FlakyRoot/flakyexperiments/src/test_package/pynguin_1653025019375_9767040,/scratch/scharnboec/FlakyRoot/flakyexperiments,pynguin,https://github.com/se2p/pynguin,v0.9.2,0.9.2,pynguin.testcase.execution.executiontrace pynguin.ga.operators.selection.tournamentselection pynguin.configuration pynguin.generation.export.pytestexporter pynguin.testcase.statements.statementvisitor pynguin.generation.generationalgorithmfactory pynguin.ga.operators.selection.selection pynguin.testcase.statements.parametrizedstatements pynguin.testcase.testcase pynguin.testcase.statements.assignmentstatement pynguin.typeinference.stubstrategy pynguin.typeinference.typehintsstrategy pynguin.ga.fitnessfunctions.abstracttestsuitefitnessfunction pynguin.testcase.statements.collectionsstatements pynguin.analyses.seeding.constantseeding pynguin.ga.operators.crossover.crossover pynguin.ga.testsuitechromosome pynguin.generation.algorithms.randomsearchstrategy pynguin.analyses.controlflow.controldependencegraph pynguin.analyses.controlflow.programgraph pynguin.testcase.execution.executioncontext pynguin.generation.algorithms.randomteststrategy pynguin.ga.postprocess pynguin.assertion.nonetraceentry pynguin.testcase.execution.testcaseexecutor pynguin.ga.testcasechromosome pynguin.assertion.assertiontraceobserver pynguin.testcase.variable.variablereference pynguin.generation.algorithms.wholesuiteteststrategy pynguin.testcase.statement_to_ast pynguin.ga.testcasefactory pynguin.analyses.module.inheritance pynguin.generation.algorithms.mioteststrategy pynguin.generation.stoppingconditions.stoppingcondition pynguin.generator pynguin.utils.statistics.statistics pynguin.coverage.branch.branchcoveragefactory pynguin.analyses.seeding.initialpopulationseeding pynguin.generation.export.exportprovider pynguin.testcase.statements.primitivestatements pynguin.assertion.outputtraceentry pynguin.ga.comparators.preferencesortingcomparator pynguin.utils.statistics.outputvariablefactory pynguin.ga.chromosomefactory pynguin.analyses.module.typeinformation pynguin.utils.console pynguin.assertion.noneassertionobserver pynguin.utils.generic.genericaccessibleobject pynguin.testcase.testfactory pynguin.typeinference.strategy pynguin.analyses.controlflow.dominatortree pynguin.testcase.testcasevisitor pynguin.testcase.execution.executionobserver pynguin.testcase.statements.fieldstatement pynguin.generation.export.abstractexporter pynguin.testcase.execution.executionresult pynguin.ga.fitnessfunctions.branchdistancetestsuitefitness pynguin.testcase.variable.variablereferenceimpl pynguin.coverage.branch.branchcoveragetestfitness pynguin.coverage.controlflowdistance pynguin.generation.algorithms.mioarchive pynguin.utils.exceptions pynguin.testcase.execution.executiontracer pynguin.assertion.primitiveassertionobserver pynguin.assertion.assertionvisitor pynguin.utils.atomicinteger pynguin.generation.algorithms.testgenerationstrategy pynguin.ga.fitnessfunction pynguin.assertion.outputtrace pynguin.utils.statistics.timer pynguin.analyses.controlflow.cfg pynguin.ga.operators.ranking.rankingfunction pynguin.utils.statistics.statisticsbackend pynguin.utils.statistics.timers pynguin.utils.type_utils pynguin.instrumentation.instrumentation pynguin.coverage.branch.branchcoveragegoal pynguin.generation.algorithms.dynamosastrategy pynguin.utils.namingscope pynguin.utils.ast_util pynguin.generation.algorithms.wraptestsuitemixin pynguin.typeinference.typeinference pynguin.instrumentation.machinery pynguin.cli pynguin.testcase.statements.statement pynguin.assertion.assertiongenerator pynguin.ga.chromosomevisitor pynguin.assertion.assertion pynguin.typeinference.nonstrategy pynguin.generation.algorithms.archive pynguin.ga.operators.selection.rankselection pynguin.ga.chromosomeconverter pynguin.ga.chromosome pynguin.ga.testsuitechromosomefactory pynguin.ga.fitnessfunctions.branchdistancetestcasefitness pynguin.ga.fitnessfunctions.fitness_utilities pynguin.generation.algorithms.mosastrategy pynguin.testcase.testcase_to_ast pynguin.ga.testcasechromosomefactory pynguin.ga.operators.ranking.crowdingdistance pynguin.setup.testclustergenerator pynguin.setup.testcluster pynguin.utils.statistics.runtimevariable pynguin.testcase.defaulttestcase pynguin.analyses.seeding.testimport.ast_to_statement pynguin.assertion.assertion_to_ast pynguin.generation.export.noneexporter pynguin.assertion.primitiveassertion pynguin.assertion.primitivetraceentry pynguin.generation.algorithms.abstractmosastrategy pynguin.ga.operators.crossover.singlepointrelativecrossover pynguin.ga.comparators.dominancecomparator pynguin.assertion.noneassertion pynguin.__main__ pynguin.utils.randomness pynguin.ga.fitnessfunctions.abstracttestcasefitnessfunction,DynaMOSA-TypeHints,--guess_unknown_types True --constant_seeding True --seeded_primitives_reuse_probability 0.2 --dynamic_constant_seeding True --seeded_dynamic_values_reuse_probability 0.6 --maximum_search_time 600 --output_variables Coverage --algorithm DYNAMOSA --type_inference_strategy TYPE_HINTS,pynguin_auto_tests_1653025019375_9420147,,,20,22
/scratch/scharnboec/FlakyRoot/projects/limitediterables,/scratch/scharnboec/FlakyRoot/projects/limitediterables/pynguin_auto_tests_1653025019718_5774352,/scratch/scharnboec/FlakyRoot/flakyexperiments/src/test_package/limitediterables_1653025019718_4154203,/scratch/scharnboec/FlakyRoot/flakyexperiments,limitediterables,https://github.com/Poogles/limitediterables,3ce3bc28d5c4092db3d5499ad60339c007f4c0e0,0.1.0,limitediterables.iterables,DynaMOSA-TypeHints,--guess_unknown_types True --constant_seeding True --seeded_primitives_reuse_probability 0.2 --dynamic_constant_seeding True --seeded_dynamic_values_reuse_probability 0.6 --maximum_search_time 600 --output_variables Coverage --algorithm DYNAMOSA --type_inference_strategy TYPE_HINTS,pynguin_auto_tests_1653025019718_5774352,,,20,315
/scratch/scharnboec/FlakyRoot/projects/torch-gpt-2,/scratch/scharnboec/FlakyRoot/projects/torch-gpt-2/pynguin_auto_tests_1653025020254_5757225,/scratch/scharnboec/FlakyRoot/flakyexperiments/src/test_package/torch-gpt-2_1653025020254_4416590,/scratch/scharnboec/FlakyRoot/flakyexperiments,torch-gpt-2,https://github.com/CyberZHG/torch-gpt-2,92dd7ab7f83630500805ebf0c647f3fb940ca3ab,0.3.0,demo.generate_following torch_gpt_2.net torch_gpt_2.gen torch_gpt_2.loader,DynaMOSA-TypeHints,--guess_unknown_types True --constant_seeding True --seeded_primitives_reuse_probability 0.2 --dynamic_constant_seeding True --seeded_dynamic_values_reuse_probability 0.6 --maximum_search_time 600 --output_variables Coverage --algorithm DYNAMOSA --type_inference_strategy TYPE_HINTS,pynguin_auto_tests_1653025020254_5757225,,,20,774
/scratch/scharnboec/FlakyRoot/projects/pysllo,/scratch/scharnboec/FlakyRoot/projects/pysllo/pynguin_auto_tests_1653025019898_6998719,/scratch/scharnboec/FlakyRoot/flakyexperiments/src/test_package/pysllo_1653025019898_3599721,/scratch/scharnboec/FlakyRoot/flakyexperiments,pysllo,https://github.com/kivio/pysllo,8bc4d17f9a668e9aff3c77f688f0c06ed2e7686b,0.1,pysllo.loggers.propagation_logger pysllo.loggers.tracking_logger pysllo.formatters.json_formatter pysllo.handlers.elastic.elastic_handler pysllo.utils.udp_buffer pysllo.utils.json_encoder pysllo.utils.tracer pysllo.loggers.structured_logger pysllo.utils.factory,DynaMOSA-TypeHints,--guess_unknown_types True --constant_seeding True --seeded_primitives_reuse_probability 0.2 --dynamic_constant_seeding True --seeded_dynamic_values_reuse_probability 0.6 --maximum_search_time 600 --output_variables Coverage --algorithm DYNAMOSA --type_inference_strategy TYPE_HINTS,pynguin_auto_tests_1653025019898_6998719,,,20,463
/scratch/scharnboec/FlakyRoot/projects/neurodsp,/scratch/scharnboec/FlakyRoot/projects/neurodsp/pynguin_auto_tests_1653025020147_3101342,/scratch/scharnboec/FlakyRoot/flakyexperiments/src/test_package/neurodsp_1653025020147_1925862,/scratch/scharnboec/FlakyRoot/flakyexperiments,neurodsp,https://github.com/neurodsp-tools/neurodsp,2.1.0,2.1.0,neurodsp.utils.data neurodsp.sim.aperiodic neurodsp.sim.combined neurodsp.utils.sim neurodsp.utils.checks neurodsp.burst.dualthresh neurodsp.plts.utils neurodsp.filt.checks neurodsp.rhythm.swm neurodsp.utils.decorators neurodsp.spectral.power neurodsp.sim.periodic neurodsp.plts.style neurodsp.rhythm.lc neurodsp.timefrequency.wavelets neurodsp.filt.fir neurodsp.sim.transients neurodsp.utils.download neurodsp.filt.filter neurodsp.filt.iir neurodsp.plts.filt neurodsp.utils.norm neurodsp.utils.outliers neurodsp.sim.info neurodsp.plts.spectral neurodsp.spectral.checks neurodsp.spectral.variance neurodsp.filt.utils neurodsp.version neurodsp.spectral.utils neurodsp.timefrequency.hilbert neurodsp.plts.rhythm neurodsp.burst.utils neurodsp.plts.time_series neurodsp.sim.cycles neurodsp.utils.core neurodsp.plts.settings,DynaMOSA-TypeHints,--guess_unknown_types True --constant_seeding True --seeded_primitives_reuse_probability 0.2 --dynamic_constant_seeding True --seeded_dynamic_values_reuse_probability 0.6 --maximum_search_time 600 --output_variables Coverage --algorithm DYNAMOSA --type_inference_strategy TYPE_HINTS,pynguin_auto_tests_1653025020147_3101342,,,20,681
/scratch/scharnboec/FlakyRoot/projects/gramhopper,/scratch/scharnboec/FlakyRoot/projects/gramhopper/pynguin_auto_tests_1653025019494_9844485,/scratch/scharnboec/FlakyRoot/flakyexperiments/src/test_package/gramhopper_1653025019494_6314287,/scratch/scharnboec/FlakyRoot/flakyexperiments,gramhopper,https://github.com/OrBin/gramhopper,2.1.0,2.1.0,gramhopper.triggers.trigger_result gramhopper.handlers.default_error_handler gramhopper.triggers.triggers gramhopper.logging_config gramhopper.triggers.text_triggers gramhopper.responses.basic_responses gramhopper.configuration.boolean_helper gramhopper.configuration.boolean_operators gramhopper.configuration.rules_parsing_helper gramhopper.triggers.filter_triggers gramhopper.responses.response_helper gramhopper.representable gramhopper.handlers.combined_handlers gramhopper.configuration.trigger_or_response_parser gramhopper.configuration.trigger_or_response_params gramhopper.configuration.partial_ruamel_yaml gramhopper.triggers.basic_triggers gramhopper.responses.responses gramhopper.paths gramhopper.configuration.common_types gramhopper.handlers.rules_handler gramhopper.configuration.rules_parser gramhopper.dict_enum gramhopper.responses.match_responses gramhopper.users_helper gramhopper.bot gramhopper.triggers.event_streak_trigger gramhopper.responses.preset_responses,DynaMOSA-TypeHints,--guess_unknown_types True --constant_seeding True --seeded_primitives_reuse_probability 0.2 --dynamic_constant_seeding True --seeded_dynamic_values_reuse_probability 0.6 --maximum_search_time 600 --output_variables Coverage --algorithm DYNAMOSA --type_inference_strategy TYPE_HINTS,pynguin_auto_tests_1653025019494_9844485,,,20,126
/scratch/scharnboec/FlakyRoot/projects/bitcoin_graph,/scratch/scharnboec/FlakyRoot/projects/bitcoin_graph/pynguin_auto_tests_1653025019992_4663912,/scratch/scharnboec/FlakyRoot/flakyexperiments/src/test_package/bitcoin_graph_1653025019992_1241260,/scratch/scharnboec/FlakyRoot/flakyexperiments,bitcoin_graph,https://github.com/joeblankenship1/bitcoin_graph,8f5dee94b0cc82a0a0d8a412709a13a38d180167,0.1a1,bitcoin_graph.__main__ bitcoin_graph.bitcoin_graph,DynaMOSA-TypeHints,--guess_unknown_types True --constant_seeding True --seeded_primitives_reuse_probability 0.2 --dynamic_constant_seeding True --seeded_dynamic_values_reuse_probability 0.6 --maximum_search_time 600 --output_variables Coverage --algorithm DYNAMOSA --type_inference_strategy TYPE_HINTS,pynguin_auto_tests_1653025019992_4663912,,,20,547
/scratch/scharnboec/FlakyRoot/projects/bluebees,/scratch/scharnboec/FlakyRoot/projects/bluebees/pynguin_auto_tests_1653025019615_1040991,/scratch/scharnboec/FlakyRoot/flakyexperiments/src/test_package/bluebees_1653025019615_8972184,/scratch/scharnboec/FlakyRoot/flakyexperiments,bluebees,https://github.com/matheuswhite/bluebees,ca18ee6dae60393480bac3893038790957727748,1.0.9,bluebees.client.mesh_layers.access_layer bluebees.client.application.commands.list bluebees.client.application.commands.info bluebees.client.mesh_layers.address bluebees.client.node.commands.send bluebees.common.utils bluebees.client.node.node bluebees.client.device.device bluebees.client.core.core bluebees.client.node.commands.list bluebees.client.data_paths bluebees.client.device.list_devices bluebees.common.logging bluebees.client.network.commands.list bluebees.client.node.node_data bluebees.client.node.commands.config bluebees.client.node.provisioner bluebees.client.mesh_layers.element bluebees.common.command bluebees.client.core.commands.run bluebees.common.broker bluebees.client.node.commands.info bluebees.client.mesh_layers.mesh_context bluebees.client.node.group_data bluebees.common.crypto bluebees.client.core.dongle bluebees.common.asyncio_fixup bluebees.client.node.commands.req bluebees.client.application.commands.new bluebees.common.template bluebees.client.device.commands.list bluebees.client.node.commands.add_appkey bluebees.client.network.commands.new bluebees.client.network.commands.info bluebees.client.application.application bluebees.client.mesh_layers.network_layer bluebees.__main__ bluebees.client.mesh_layers.transport_layer bluebees.client.network.network_data bluebees.common.module bluebees.common.file bluebees.common.serializable bluebees.client.node.commands.new bluebees.client.network.network bluebees.common.client bluebees.client.application.application_data,DynaMOSA-TypeHints,--guess_unknown_types True --constant_seeding True --seeded_primitives_reuse_probability 0.2 --dynamic_constant_seeding True --seeded_dynamic_values_reuse_probability 0.6 --maximum_search_time 600 --output_variables Coverage --algorithm DYNAMOSA --type_inference_strategy TYPE_HINTS,pynguin_auto_tests_1653025019615_1040991,,,20,231
